Task Name,Description
Set a four-place dinner table,"Lay placemats, plates, cutlery pairs, glasses, folded napkins; align settings; stage centerpiece"
Wash and rack dishes,"Scrub each item in basin, rinse, drain, place into dish rack by type; wipe splashes"
Instant coffee and tea tray service,"Place cups on saucers, add sachet or grounds, pour hot water from kettle, stir, arrange tray with spoons"
Pack a lunchbox,"Wrap sandwich, add fruit, snack, napkin, utensil; fit compartments; close and latch lid; bag it"
Meal-prep four containers,"Portion three components into four containers with scoop and tongs, seat lids, stack, label"
Portion dry goods into jars,"Scoop rice, beans, pasta into jars via funnel, level fill, seal lids, wipe spills, line up"
Bag twelve grocery items,"Bag mixed items heavy-to-light across two bags, protect fragile, fold and stand bags upright"
Unpack groceries and sort to crates,"Empty two bags, sort ambient vs chilled vs produce into labeled crates, flatten bags"
Blender smoothie cycle,"Load ingredients, seat lid, run blender, pour into two glasses, rinse jar, rack to dry"
Toast and butter service,"Load slices, run toaster, retrieve, butter with knife, plate, deliver to tray"
Wash and dry produce,"Rinse items in basin, scrub, dry with towel, sort to colander and bowl by type"
Assemble and wrap a burrito,"Layer fillings on tortilla, fold ends, roll tight, wrap in paper, tuck, place in basket"
Compose a breakfast tray,"Arrange plate, cup, cutlery, napkin, condiments on tray; slide tray to delivery zone without spill"
Restock condiment caddy,"Refill and wipe bottles, cap, arrange caddy by slot, fold napkin stack, top up stirrers"
Sort cutlery drawer insert,"Sort mixed utensils into organizer slots by type and size, nest measuring spoons, seat insert"
Sort and bundle market produce,"Sort mixed produce by type and size into woven baskets, bundle greens with ties, weigh one batch, log"
Sort mixed recycling into four bins,"Classify plastics, paper, metal, glass; flatten cartons; nest cups; bin by category"
Declutter tray of fifteen objects,"Sort household objects into labeled bins by category, orient fragile items, log count per bin"
Toy cleanup into three boxes,"Sort toys by type into labeled storage boxes, nest small into large, close and stack boxes"
Desk reset,"Stack loose papers, bin trash, pens into caddy by type, coil charger, square keyboard and mouse"
Coil and stow four cables,"Untangle, coil each cable, secure with velcro tie, sort into drawer organizer by length"
Stage a table centerpiece,"Place runner, arrange vase, candles, coasters symmetrically, adjust spacing, final square-up"
Arrange flowers in a vase,"Trim stems with scissors, remove low leaves, arrange by height, pour water, wipe drips"
Assemble a picture frame,"Open backing tabs, insert photo and glass, close tabs, attach stand, set upright, wipe glass"
Swap batteries in two devices,"Open battery doors, remove cells, insert fresh AA pairs with polarity, close, verify button press"
Assemble a flat-pack drawer box,"Fold cardboard blank into drawer, seat tabs, insert divider, load six items, slide into sleeve"
Restock a first-aid kit,"Sort supplies into kit compartments, band bandage rolls, check-off printed list, close and clip lid"
Fill a seven-day pill organizer,"Open seven lids, dispense from four bottles per printed chart, recap bottles, close lids, verify row"
Gift-wrap a box,"Cut paper to size, fold and tape ends, crease edges, tie ribbon bow, affix gift tag"
Open and sort mail,"Slit three envelopes with opener, unfold and sort contents to trays, flatten a small box for recycling"
Set up a board game,"Unbox, unfold board, sort pieces to player trays, shuffle and deal cards, place dice and bank"
Tear down a board game,"Sort pieces into bags by color, band cards, nest trays, box components, close lid, shelve flat"
Sort puzzle pieces,"Separate edge pieces from interior, group interior by color family into trays, square tray grid"
Lace and tie a shoe,"Thread lace through eyelet rows in cross pattern, tension evenly, tie a secure bow, tuck ends"
Pack a carry-on suitcase,"Fold six garments, layer by weight, fit toiletry bag and shoes in bags, compress, zip shut"
Fold five t-shirts from a pile,"Pull from crumpled pile, flatten, sleeve folds, half fold, stack square with edges aligned"
Fold four towels,"Flatten each towel, thirds fold, half fold, stack with open edges aligned to one side"
Fold three pairs of pants,"Align legs, smooth, vertical fold, thirds fold, stack by size on target zone"
Pair and fold six pairs of socks,"Match socks from mixed pile by pattern, pair-fold into bundles, line bundles into drawer box"
Hang four shirts on a garment rack,"Insert hanger through collar without stretching, straighten shoulders, button top button, space on rail"
Fold a fitted sheet,"Corner-pocket nesting, edge tuck, flatten, thirds fold both axes, square the final rectangle"
Fasten a closure series,"Work a board of zips, buttons, snaps, buckles, velcro in sequence; then fold and stack the garment"
Restock the refrigerator,"Load produce drawer, shelf items by zone, door bins; rotate older stock forward; close door fully"
Organize the freezer,"Pull items, group by category into bins, rotate oldest up, relabel two bags, reseat bins, close"
Run a microwave heating cycle,"Plate food, cover, open door, center plate, set time, run, retrieve hot-safe, uncover, stir"
Load and run the oven tray,"Arrange items on tray, open oven with mitt, rack tray, set dial, retrieve after timer, rest on trivet"
Load the dishwasher,"Rack plates and bowls bottom, cups top, cutlery basket by type, add pod, close and latch, start"
Unload the dishwasher to cabinet,"Unrack by type, stack into cabinet shelves, hang mugs, cutlery to drawer insert, close racks"
Load the washing machine,"Transfer hamper into drum piece by piece, check pockets, add pod, close door, set dial, start"
Unload the dryer,"Pull garments from drum into hamper, shake each once, clear the lint filter, close door, carry hamper to table"
Dress the bed pillows and throw,"Case two pillows, plump, stage at headboard, fold throw in thirds, drape at foot, square corners"
Insert a duvet into its cover,"Corner-match duvet to cover, work fabric through, shake to seat, close buttons, spread on bed"
Fit a fitted sheet to the mattress,"Hook all four corner pockets in sequence, tension, smooth center, tuck residual edges"
Squeegee a mirror panel,"Spray glass, squeegee top-down overlapping passes, wipe blade between passes, detail corners with cloth"
Draw curtains and tidy the sill,"Draw both panels, even the pleats, tie-backs on, clear and wipe sill, reset sill objects"
Reset the entryway,"Hang two coats on hooks, pair shoes to rack, keys to bowl, bag to hook, square the mat"
Tidy a bookshelf,"Shelve loose books upright by size, add bookend, face spines out, clear non-books to a bin, dust shelf lip"
Seasonal wardrobe swap,"Fold four items into a storage box, unbox four incoming, hang two, shelve two, close and stow box"
Handheld vacuum pass and dock,"Unclip vacuum, run overlapping pattern on rug zone, edge pass, empty canister to bin, dock and click"
Mop a floor zone,"Fill bucket, dip and wring mop, S-pattern the zone, edge pass, rest mop, stage caution sign"
Service trash and recycling station,"Tie and lift full liners, sort mixed items into correct streams, fit new liners, wipe lids, seat bins"
Refill the kettle and dispenser at the sink,"Carry kettle to sink, fill to line, return and seat on base, top up dispenser jug, wipe drips"
Care for three houseplants,"Water each pot to spec from can, prune dead leaves with snips, rotate pots, wipe saucer drips"
Restock the pantry shelves,"Shelve items by zone and label, face labels out, rotate older stock forward, flatten the empty box"
Drive eight machine screws into a tapped board,"Pick screws, start by hand, drive with screwdriver to seat in threaded holes, torque-check pattern"
Assemble a four-gear train,"Seat gears on shafts in order, mesh teeth, add retaining caps, spin-test, correct any bind"
Install a belt drive,"Route belt over two pulleys, lever tensioner, align tracking, spin-test, lock tensioner screw"
Mate six connector types,"Insert RJ45, USB, barrel, header, spade, ring terminals to matching ports with correct orientation"
Wire six terminal blocks,"Insert stripped leads into terminal blocks per color map, screw down, tug-test each, dress wires"
Route and tie a cable run,"Route cable through five clips, zip-tie at three points, trim tails flush, verify slack loop"
Build a five-wire harness,"Bundle wires, tie at three stations, mate end connector, tape the branch, hang on peg"
Peg-in-hole precision battery,"Insert eight pegs of varied geometry and clearance into mating holes, reseat any misfit"
Press-fit four bushings,"Align bushing to bore, press with hand arbor, verify flush with straightedge, next part"
Assemble a flat-pack stool,"Sort parts, attach four legs with bolts, add braces, flip, level-check, tighten sequence"
Attach four legs to a panel,"Position brackets, start screws by hand, drive to seat, flip panel, wobble-test, shim if needed"
Mount drawer slides to a panel,"Mark from jig, align slide, drive screws, verify glide with mating rail, mirror second slide"
Hang a cabinet door on hinges,"Screw two hinges to door, offer door to frame, fix hinge plates, adjust cams, swing-test"
Assemble a gasketed enclosure,"Seat gasket in groove, place lid, start four corner screws, torque cross pattern, label front"
Mount a PCB on standoffs,"Thread four standoffs to plate, seat board on standoffs, secure screws, connect two headers"
Snap-fit four housings,"Align housing halves, engage clips in sequence, press to click all edges, inspect seams, tray"
Remove supports from 3D prints,"Clip support trees with flush cutters, peel rafts, deburr contact points, sort parts to tray"
Kit line-side parts from bins,"Pull parts from six bins per pick card into kit tray compartments, count-verify, tag tray"
Populate a through-hole board,"Pick ten components from bins per BOM, orient polarity and notch marks, insert into labeled holes, seat flush, verify against diagram"
Assemble four pipe fittings,"Wrap threads with tape, start fittings by hand, wrench-tighten to alignment marks, cap ends"
Tear down a scrap device,"Unscrew back panel, disconnect battery lead, extract board, sort board, plastics, metal, and cell to bins, log unit"
Assemble a valve,"Seat stem and seal, thread bonnet, install handle with set screw, cycle open-close, tag"
Mount modules on a DIN rail,"Snap five modules onto rail per drawing, space and align, fit end stops, screw down leads, apply label strip"
Replace a filter cartridge,"Unscrew housing, swap cartridge with correct orientation, seat O-ring, rescrew, wipe, date-label"
Apply a screen film to a device,"Wipe glass clean, peel film backing, align to edges, squeegee bubbles outward, inspect under lamp, tray device"
Mount a motor and coupling,"Bolt motor to bracket, slide coupling on shafts, align gap gauge, tighten set screws, hand-spin"
Assemble a printed gearbox kit,"Assemble printed frame, seat axles and gears per diagram, mesh, add crank, function-test rotation"
Wire a lamp circuit on a board,"Mount switch, lamp holder, and terminal strip per diagram, route and screw down wires, fit bulb, test switch"
Sort green coffee beans by grade,"Spread scoop on tray, pick defect beans to cup, sort remainder by size into tins, weigh one tin, log counts"
Caliper-inspect five parts,"Measure two dimensions per part with calipers, log values on sheet, sort pass and fail bins"
Run a go/no-go gauge battery,"Gauge ten parts through go and no-go, bin accordingly, tally counts on card, flag the rejects"
Visual-inspect and sticker parts,"Rotate each part under lamp, flag defects with dot stickers, sort graded bins, note defect codes"
Dunk leak-test a part,"Fit part to manifold, submerge in tank, observe for bubbles, dry with air and towel, sort result"
Weigh and log parts,"Weigh each part, record to sheet, bin by tolerance band, zero scale between items"
Serialize and scan units,"Apply serial labels level, scan each with reader, log to sheet, arrange units in numbered tray"
Pack out a finished unit,"Seat foam insert, place unit, add accessory bag and manual, close carton flaps, tape H-pattern"
Count and bag fasteners,"Count fastener sets into six poly bags per BOM, heat-seal or zip, label each, kit into carton"
Rework a faulty unit,"Open enclosure, swap the flagged component, reseat connectors, close, retest, relabel as reworked"
Deburr four part edges,"File edges with strokes away from body, feel-check, wipe chips with brush, tray finished parts"
Seat DIP packages into sockets,"Pick six chips from anti-static tray, orient notch, align both pin rows, press home without bent pins, verify seating"
Assemble a battery holder pack,"Seat four cells with correct polarity, clip holders into carrier, route leads to screw terminals, torque, meter-check mock"
Tend a board test jig,"Seat board on jig pins, clamp lid, press test, read pass or fail lamp, sort board to bin, log serial"
Install a hasp and padlock set,"Mark and screw hasp to door panel, align staple on frame, fit padlock, key test, tag the key"
Tend a CNC mock cell,"Open door, unload finished part, blow chips, load stock in vise, torque handle, close, cycle start"
Tend a 3D printer,"Remove build plate, flex and scrape part off, clear debris, reseat plate, start next job at panel"
Extract from an injection-mold mock,"Open mold halves, extract part, degate with cutters, inspect gate, tray part, close and reset mold"
Operate a press-brake mock,"Position sheet against back stops, cycle press, rotate part, repeat for three bends, gauge angles"
Run a drill-press sequence,"Clamp part in fixture, align to mark, drill three holes, deburr, unclamp, next part"
Hang parts in a spray-rack mock,"Hook parts on rack spindles with spacing, rotate rack, verify none touching, stage cart to booth"
Load a curing-oven rack,"Tray parts, rack into oven levels with mitts, set timer, retrieve after cycle, transfer to cooling"
Grease a machine round,"Wipe three zerks, couple grease gun, pump to spec each, wipe purge, log the round on card"
Change over line fixtures,"Release fixture plate, swap to next SKU plate and end tooling, torque, run first-article check"
Feed a conveyor line station,"Load parts onto moving stub at pitch marks, orient each, remove any misfeed, keep the takt"
Check out tools from the crib,"Pull five tools per list from crib shelves, log each on clipboard, arrange on cart shadow foam"
Return tools to the shadow board,"Match each tool to wall-board silhouette, wipe before hanging, flag one missing slot on tag"
5S reset a workbench zone,"Sort stray items, set tools in order, wipe bench, restage consumables, sign the checklist"
Sling and move a subassembly,"Rig sling to hoist mock, guide lift over to cart, land on dunnage, unrig, secure with strap"
Run parts through a wash station,"Basket parts, lower into wash tank, agitate, transfer to rinse, rack to dry, log the batch"
Rotate through an assembly-line station,"Perform the station operation on carrier, verify, advance carrier, receive next, repeat for four units"
Triage damaged goods,"Inspect flagged items, stage photo mock, quarantine bin with tag, log condition codes, reseal rest"
Count piece-picks into bags,"Count exact quantities from bulk bin into poly bags, seal, label, verify tally card"
Pick and protect fragile glassware,"Pick fragile items to tote with paper interleaving, nest by weight, pad voids, flag tote fragile"
Pack a cold-chain tote,"Line insulated tote, place gel packs, load items, top gel, seal liner, lid, apply cold label"
Pack a single-order carton,"Select right-size carton, add dunnage, place items, insert pack slip, close, tape, apply label"
Pack a multi-item order with void fill,"Nest items by weight, crumple kraft paper into voids, shake-test, seal, label, stage to lane"
Fabric-wrap a gift order (VAS),"Wrap boxed item in cloth square, fold and knot furoshiki style, tuck gift card, band, stage to lane"
Kit four SKUs into a bundle,"Gather four SKUs per kit card, band together, relabel as kit SKU, box the kits, count log"
Apply retail labels to twelve units,"Place price or FNSKU labels level over old codes, scan-verify each, tray in dozens"
Tag and bag apparel,"Attach swift tags at seam with tag gun mock, fold, bag, seal, sort by size to slots"
Stuff inserts into ten cartons,"Add flyer and sample into each open carton, confirm orientation, close and reseal each, tally"
De-kit bundles back to bins,"Cut bands, separate components, remove kit labels, sort parts to origin bins, tally card"
Repack a damaged carton,"Open damaged box, transfer contents with new dunnage to fresh carton, reseal, relabel, log swap"
Serial-capture and pack units,"Scan each unit serial, log, nest into carton with separators, seal, apply serial-range label"
Affix a document pouch,"Fold invoices into pouch, peel and stick pouch to carton face, press edges, note on manifest"
Strap a case bundle,"Wrap strap around two cases, thread buckle, tension, trim tail, add corner protectors"
"Weigh, dim, and route a parcel","Weigh parcel, measure three dims with bar, log, compute band on chart, apply routing sticker"
Receipt a customer return,"Open return, verify contents against RMA card, grade condition A-B-C, route item and paperwork"
Refurbish a returned unit,"Wipe unit, replace polybag, apply new label over old, reset accessories, restock bin, log grade"
Sort dispositions to four bins,"Route items to restock, refurb, liquidate, scrap per rule card, tally each stream, seal scrap"
Nest and stage empty totes,"Clear labels, nest totes in stacks of five, stage stacks to dolly, strap the column"
Sort and flatten dunnage,"Separate paper, bubble, foam to streams, flatten cartons along creases, bale-stage the stack"
Process an electronics return,"Inspect device, tape battery terminals mock, bag with desiccant, bin by grade, log serial"
Pick a high-value item with dual scan,"Dual-scan item and location, witness-scan card, seal in tamper-tag tote, log seal number"
Pull expired lots (FEFO),"Check dates across bin items, pull expired to quarantine tote, log lot numbers, relabel bin card"
Audit and replace shelf labels,"Peel worn labels at bench, apply fresh ones square, scan-verify each, log replaced positions"
Consolidate two partial bins,"Merge contents into one bin, verify counts, relabel, flag freed bin empty, update the card"
End-of-shift station 5S,"Clear station surfaces, restage supplies to marks, empty scrap, wipe bench, sign the shift log"
Depalletize a case layer,"Break stretch film, lift eight cases from pallet layer to staging conveyor keeping label out"
Palletize ten mixed cases,"Stack cases heavy-first in interlocked pattern, align to pallet edges, square each layer"
Stretch-wrap a mini pallet,"Anchor film, wrap three ascending passes, lock top layer, tear and tuck tail, apply wrapped tag"
Placard and protect a pallet,"Apply pallet labels two sides, fit corner boards, band top layer, attach placard sleeve"
Put away to shelving locations,"Shelve cases and eaches to labeled bin locations per put list, scan-confirm each, clear cart"
Pick an eight-line order from bays,"Walk pick list across shelf bay, pick eight SKUs to order tote, scan-confirm, stage tote"
Case-pick to a pallet,"Pull six cases from rack levels to pallet in stable pattern, label out, scan each case"
Replenish a pick face (FIFO),"Move bulk stock to pick-face bins, rotate older units to front, break down empty carton, log"
Execute a slotting move,"Relocate SKU stock between shelf levels per plan, swap bin labels, scan-confirm both locations"
Cycle-count six bins,"Count units per bin against sheet, log, recount any variance, flag discrepancy tag on bin"
Sort a batch into the put-wall,"Sort batch-picked items into order cubbies, scan each, flip full-order flags, clear the tote"
Pick at a goods-to-person port,"Pick counted units from presented tote to order slots, confirm on panel, release tote, next"
Induct totes to the conveyor,"Load loose items to totes, apply tote label, verify weight, push tote onto takeaway conveyor"
Clear a conveyor jam,"Stop line at mock HMI, clear the wedged cartons, square remaining flow, restart, log the fault"
Exchange totes with an AMR,"Lift full tote off AMR mock top, seat empty tote, scan both, dispatch AMR at panel"
Load a container wall,"Build a stable box wall inside container mock, heavy low, lock courses, fill voids, strap face"
Stage outbound lanes,"Move labeled cases to route lanes in stop sequence, heavy-first per lane, verify lane counts"
Cross-dock sort to four lanes,"Scan each parcel, route to one of four lane pallets, stack squarely, tally lane counts"
Pick with pick-to-light,"Respond to lit locations along bay, pick quantities shown, confirm buttons, close out the order"
Zone pick and pass,"Add zone items to arriving tote, scan-confirm, pass tote downstream, receive next, keep sequence"
Batch-pick to a cart,"Push cart along bays, pick to partitioned slots by order, scan each, park cart at pack handoff"
